{"cameraMode":{"drawMode":0,"name":"Shaded","section":"Shading Mode"},"sceneLighting":true,"audioPlay":false,"sceneViewState":{"m_AlwaysRefresh":false,"showFog":true,"showSkybox":true,"showFlares":true,"showImageEffects":true,"showParticleSystems":true,"showVisualEffectGraphs":true,"m_FxEnabled":true},"in2DMode":false,"pivot":{"x":-35.299278259277347,"y":-3.8791513442993166,"z":16.319896697998048},"rotation":{"x":0.47481247782707217,"y":-0.5236919522285461,"z":0.4719773232936859,"w":0.5268464684486389},"size":52.577598571777347,"orthographic":false}